<?xml version="1.0" encoding="UTF-8"?>
<project-private xmlns="http://www.netbeans.org/ns/project-private/1">
    <editor-bookmarks xmlns="http://www.netbeans.org/ns/editor-bookmarks/2" lastBookmarkId="0"/>
    <open-files xmlns="http://www.netbeans.org/ns/projectui-open-files/2">
        <group>
            <file>file:/D:/Docs/Western%20Stuff/Semester%204/Soft%20Eng%20I/Virtual-Monopoly-Deal/Virtual%20Monopoly%20Deal/src/GUI/GamePlayScreen.java</file>
            <file>file:/D:/Docs/Western%20Stuff/Semester%204/Soft%20Eng%20I/Virtual-Monopoly-Deal/Virtual%20Monopoly%20Deal/src/GUI/PlayScreen.java</file>
        </group>
    </open-files>
</project-private>
